cod_articulo,articulo,precio_ef
174882,PAN BOCADILLO EMBOLSADO,0.31
R17,Café con leche descafeinado,0.46
R04,Café con leche normal,0.46
R36,Café cortado descafeinado,0.46
R03,Café cortado normal,0.46
R23,Café largo descafeinado,0.46
R02,Café largo normal,0.46
R22,Café solo descafeinado,0.46
R01,Café solo normal,0.46
R29,Cappuccino avellana,0.46
R05,Cappuccino normal,0.46
R28,Cappuccino vainilla,0.46
R07,Chocolate,0.46
R06,Leche manchada normal,0.46
R09,Te al limón,0.46
5322,AGUA FONT VELLA PET 50CL,0.51
5356,"AGUA LANJARON PET 0,5L",0.51
R12,Café con leche premium,0.61
R16,Café cortado premium,0.61
R11,Café largo premium,0.61
R10,Café solo premium,0.61
R13,Cappuccino premium,0.61
R14,Leche manchada premium,0.61
161825,AGUA FONT VELLA CON GAS PET 50CL,0.70
10559,ACTIMEL FRESA x6+2,0.72
14031,"AGUA FONT VELLA PET 1,5L",0.72
9354,COCA COLA LATA 33CL,0.77
9361,COCA COLA LIGHT LATA 33CL,0.77
9321,COCA COLA ZERO LATA 33CL,0.77
63783,COCA COLA ZERO SIN CAFEINA LATA,0.77
31593,FANTA LIM LATA33 C24,0.77
31608,FANTA NAR LATA33 C24,0.77
5283,AGUA AQUABONA PET 50CL,0.82
5743,AQUARIUS LATA33,0.82
144536,CUADRADO TRUFA,0.82
177955,FUZE TEA LIMON LATA 33,0.82
5358,"LANJARON PET 0,75L 100% R-PET NEW",0.82
170409,MRCORN BBQ EL ORIGINAL,0.82
140834,MRCORN MIX5,0.82
66535,PALMERA GRANDE CACAO 1U.,0.82
7682,CAÑA CREMA 1U.,0.92
7642,CAÑA CREMA CACAO 1U.,0.92
133211,COCTEL NATUMIX S/SAL 35GRS,0.92
63879,CRUNCH 30G,0.92
92673,HUESITOS ORIGINAL,0.92
33090,"KIT KAT 36x41,5G",0.92
64604,"KIT KAT BLANCO 41,5G",0.92
32015,OREO 66G,0.92
92677,TOKKE 30X47G,0.92
162207,TRIANGULO DE CREMA,0.92
95955,TWIX SINGLE 50 GR,0.92
5840,ARTESANAS PIPAS 50g,1.02
7089,BUGLES 3D'S 36G,1.02
157360,DIGESTIVE ARANDANOS SIN AZUCAR,1.02
31029,DONUTS AZUCAR,1.02
9648,DONUTS CHOCOLATE,1.02
175713,DORITOS CHILLI 40G,1.02
31068,DORITOS TEX-MEX 40G,1.02
14344,DORITOS TEX-MEX 44G,1.02
163911,F+L CARIBE 33CL,1.02
57966,F+L TROPICAL 33CL,1.02
65799,F+L.MEDITERRANEO 33CL,1.02
161407,FAVORITOS AZUCAR,1.02
127181,HARIBO FAVORIT RED MIX 90G 18U,1.02
161440,HARIBO FUNKY MIX,1.02
33222,LAY'S CAMPESINA 44G,1.02
175714,LAY'S CAMPESINAS 36G,1.02
33224,LAY'S GOURMET 45G,1.02
91338,LAY'S SAL 30G,1.02
33231,LAY'S SAL 44g,1.02
89953,MANZANA FLORETTE 80GR,1.02
88636,NACKIS MEDITERRANEO,1.02
159854,NUECES GRANO CRUDA 35G,1.02
5827,PAN PIPAS CEREALES,1.02
14787,PATATA RUFFLES JAMON 31G,1.02
36411,PATATAS CHIPS RUFFLES JAMON 45G,1.02
86035,PRINCIPE SANDW. CHOCO 80 GR,1.02
65317,RUFFLES YORKESO 31G,1.02
170417,SNATTS PAN PIPAS 40G 45U VENDING NTR,1.02
124920,LM CLASICO ATUN PIMIENTOS,1.12
124936,LM CLASICO INTEGRAL PAVO,1.12
124913,LM CLASICO MIXTO,1.12
124922,LM CLASICO QUESO NUEZ,1.12
124921,LM CLASICO TORTILLA-YORK,1.12
124918,LM CLASICO VEGETAL ESPECIAL,1.12
124919,LM CLASSICO YORK BACON CREMA,1.12
14948,ÑAMING GO! ATUN 140G,1.12
14952,ÑAMING GO! CANGREJO 140G,1.12
14954,ÑAMING GO! CHORIZO,1.12
14962,ÑAMING GO! ENSALADA DE PAVO 140G,1.12
154865,ÑAMING GO! JAMON CREMOSO,1.12
62096,ÑAMING GO! MIXTO 135G,1.12
67655,ÑAMING GO! POLLO CHEDAR 130G,1.12
38331,ÑAMING GO! SALCHICHON,1.12
104359,ÑAMING GO! TORTILLA YORK Y QUESO 140G,1.12
134167,ÑAMING TCUIDA PRIMAVERA 130G,1.12
124928,SAND.CLASICO SALAMI,1.12
79534,ZUMO MELOCOTON MANZANA UVA 200ml,1.12
172922,ZUMO NARANJA-UVA BRICK 20CL 10x3x200,1.12
10710,ZUMO PIÑA MANZANA UVA 200ml,1.12
157361,GALLETAS DIGESTIVE CACAO 0%,0.82
5751,AQUARIUS NAR PET50 C24,1.22
5745,AQUARIUS PET50 C24,1.22
179132,ATUN ACEITE LATA,1.22
5877,ATUN ACEITE VEG. PACK 3,1.22
6308,BAT OKEY CACAO BOT 188,1.22
6344,BAT OKEY VAINIL BOT 188,1.22
110706,CHOCO BOM BLANCO,1.22
95390,CHOCO BOM CHOCOLATE,1.22
90689,CHORIZO EXTRA 45GR,1.22
9310,COCA COLA PET 50CL,1.22
9322,COCA COLA ZERO PET50,1.22
38573,EXTRAFINO GALLETA Y CHOCO LECHE,1.22
31596,FANTA LIM PET50 C24,1.22
31611,FANTA NAR PET50 C24,1.22
177959,FUZE TEA LIM PET50,1.22
169199,MINI CHIPCHOCO ZERO,1.22
149564,MINI CHOCO CHIPS BIO,1.22
177915,MINI DIGESTIVE CHOCO LECHE,1.22
141136,MOMENT CHOCO STAR,1.22
38080,SALCHICHÓN EXTRA 45GR,1.22
93485,SALCHICHON EXTRA LONCHAS 80G,1.22
65921,TORTITA ARROZ INTEGRAL CHOCO NEGRO VITALDAY,1.22
99723,TORTITA MAIZ CHOCOLATE S/AZUCAR VITALDAY 26G,1.22
110707,VITALDAY SANDWICH YOGURT,1.22
99722,WAFER CHOCO ZERO,1.22
69407,WAFER VAINILLA ZERO,1.22
30994,DONETTES CLASICO,1.32
32162,GAZPACHO 250ML,1.32
124948,LM BRIOCH 2UN CHORIZO PAMPLONA,1.32
124947,LM BRIOCH 2UN MIXTO,1.32
124949,LM BRIOCH 2UN SALAMI Y QUESO,1.32
124952,LM EMPANADA DE ATUN,1.32
124960,LM CROISSANT SERRANO Y QUESO,1.42
124953,LM CROISSANT YORK Y QUESO,1.42
34920,NESTEA LIM PET50 C24,1.42
165260,SNACK CHOCO NEGRO ZERO,1.42
183685,GOFRE CON PEPITAS CHOCOLATE 90G,1.50
33080,KINDER BUENO,1.53
59227,KINDER BUENO WHITE,1.53
132917,ZANAHORIA BASTON CON HUMMUS 100G,1.53
124940,LM GOURMET POLLO Y MOSTAZA MIEL,1.69
118869,ÑAMING CLUB POLLO MOSTAZA MIEL,1.69
102412,FRUTA CORTADA VARIADA TARRINA 125G,1.75
171431,KAIKU CAFFE LATTE MACHIATO PET 200 ML,1.83
166344,KAIKU CAFFE LATTE UHT CAPUCCINO 200 ML,1.83
102416,ÑAMING YOGUR ALBARICOQUE,1.85
102417,ÑAMING YOGUR FRAMBUESA,1.85
161353,SMOOTHIE MANGO MARACUYA,1.89
170143,LM VIENESA ATUN HUEVO Y LECHUGA,1.99
170141,LM VIENESA POLLO CHEDDAR,1.99
181390,TU ENERGIA AVENA YOGUR FLAPJACK 60G,2.00
175973,TUENERGIA CAPUCCINO FLAPJACK 60G,2.00
124963,LM WRAP BACON Y MOZZARELLA,2.04
124961,LM WRAP POLLO Y PARMESANO,2.04
124962,LM WRAP YORK Y 4QUESOS,2.04
157019,BOCADILLO ARTESANO JAMON SERR Y PIMIENTO,2.05
169412,BORN ECO COCO,2.05
169410,BORN ECO MANGO,2.05
169411,BORN ECO PIÑA,2.05
105948,MONSTER ENERGY LATA 50CL,2.05
163287,MONSTER ULTRA WHITE LATA 50CL,2.05
170136,LM BLOOMER JAMON COCIDO GRAN RESERVA,2.18
124970,"LM BLOOMER PAVO BRASEADO, QUESO Y ESPINACAS",2.18
124967,LM ENSALADA CESAR,2.18
124968,LM ENSALADA LIGERA,2.18
138313,ACTIVIA MIX&GO MUESLI Y FRAMBUESA X1,2.24
106954,CREMA DE CALABAZA,2.30
61225,ENSALADA ARROZ CON PALITOS MAR,2.30
61220,ENSALADA PASTA CON ATUN,2.30
175911,KOMBUCHA ORIGINAL LATA 25CL,2.30
175936,NOCCO BCAA MANGO LATA 33CL,2.30
88122,ARROZ 3 DELICIA,2.80
99158102,BITES TO GO GAMA MEDIA,4.55
99158103,BITES TO GO GAMA ALTA,5.35
